{"date":"2020-07-02T20:43:05Z","speaker_gender":"Female","languages":[],"item_id":"cuweorqwxirf","speaker_birth_year":1993,"recording_lang":"pcm","origin":"Ghana","speaker_name":"Deborah","source":"v01-cuweorqwxirf","suffix":"200702-204305_pcm_65e_elicit","version":"v01","sampleRate":16000,"BitsPerSample":16,"Format":"vnd.wave","user_id":"1140676172","file_type":null,"NumChannels":1,"speakers":[],"name":"200702-204305_pcm_65e_elicit_2","durationMsec":4333,"location":null,"device":"SAMSUNG-SM-A720F","androidID":"65eb9b343b9e267f","mother_tongue":"twi"}